{
    "model": "Classical_XGBoost",
    "accuracy": 0.7304347826086957,
    "macro_f1": 0.7053260192966075,
    "per_class_f1": {
        "mild": 0.5333333333333333,
        "safe": 0.8382352941176471,
        "severe": 0.8571428571428571,
        "toxic": 0.5925925925925926
    }
}