{
    "model": "DistilBERT",
    "accuracy": 0.5625,
    "macro_f1": 0.572742474916388,
    "per_class_f1": {
        "mild": 0.5,
        "safe": 0.7692307692307693,
        "severe": 0.5,
        "toxic": 0.5217391304347826
    }
}