{
    "model": "ToxicBERT",
    "accuracy": 0.53125,
    "macro_f1": 0.5269709949343816,
    "per_class_f1": {
        "mild": 0.5263157894736842,
        "safe": 0.6153846153846154,
        "severe": 0.4444444444444444,
        "toxic": 0.5217391304347826
    }
}