{
    "model": "ToxicBERT",
    "accuracy": 0.7304347826086957,
    "macro_f1": 0.7533670033670032,
    "per_class_f1": {
        "mild": 0.46153846153846156,
        "safe": 0.8111888111888111,
        "severe": 1.0,
        "toxic": 0.7407407407407407
    }
}