{
    "model": "DistilBERT",
    "accuracy": 0.7130434782608696,
    "macro_f1": 0.6893098129940235,
    "per_class_f1": {
        "mild": 0.45614035087719296,
        "safe": 0.8285714285714286,
        "severe": 0.8571428571428571,
        "toxic": 0.6153846153846154
    }
}