{
    "model": "Local_LLM - phi-4-reasoning-plus",
    "accuracy": 0.9583333333333334,
    "macro_f1": 0.9744245524296675,
    "per_class_f1": {
        "mild": 0.9411764705882353,
        "safe": 0.9565217391304348,
        "severe": 1.0,
        "toxic": 1.0
    },
    "confusion_matrix": {
        "mild": {
            "mild": 8,
            "safe": 1
        },
        "safe": {
            "safe": 11
        },
        "severe": {
            "severe": 1
        },
        "toxic": {
            "toxic": 3
        }
    }
}