{
    "model": "Local_LLM - qwen3-4b-thinking-2507",
    "accuracy": 0.9565217391304348,
    "macro_f1": 0.9511678981937602,
    "per_class_f1": {
        "mild": 0.9425287356321839,
        "safe": 0.9821428571428571,
        "severe": 1.0,
        "toxic": 0.88
    },
    "confusion_matrix": {
        "safe": {
            "safe": 55,
            "mild": 1
        },
        "mild": {
            "mild": 41,
            "safe": 1
        },
        "severe": {
            "severe": 3
        },
        "toxic": {
            "toxic": 11,
            "mild": 3
        }
    }
}